filename,src_md5
chn-1-1.jpg,86cc8de32b6f93aa3d06dd2159a2cbef
chn-1-2.jpg,74c20556f97e6f9b49291ed360453e38
chn-1-3.jpg,49c9f79d9a129f111e32fcbaee8818eb
chn-1-4.jpg,b40d0bdc6d4bb72e5f17fa6aff808a81
chn-2-1.jpg,20d04207903719a1db46b1228cc838bb
chn-2-2.jpg,2f9a40017569e9d3d433ea0822579c1d
chn-2-3.jpg,c11cba1ce462803a6bb7249b4bbd48dc
chn-2-4.jpg,c11cba1ce462803a6bb7249b4bbd48dc
chn-3-1.jpg,0f3a491f69165fef7c3f2ca154d8c08e
chn-3-2.jpg,998ac573d02b9c8f0a6a3321b4f894a9
chn-3-3.jpg,68d6c4721b6673b7a9d806064dfa7ad9
chn-3-4.jpg,dd2ab0e4966e8e1ecdfb6f2f7cd80f89
chn-4-1.jpg,a99cec3ab49e9993f88fe66384a1603d
chn-4-2.jpg,4f7cd91354416cfe7cda63f541625840
chn-4-3.jpg,30e957626729f4c195b2b6987f9b1ca0
chn-4-4.jpg,ca81c56239f9f66874860a8dd0b7317f
chn-5-1.jpg,d3b4c92ac25649f5ac49a64bb76d4c47
chn-5-2.jpg,c52f6469b0161846fcdd3bd7439fb763
chn-5-3.jpg,cf1683cb92d81cd7a3a23974b1f64726
chn-5-4.jpg,1991ff23dec672a26eb38b8968fb0992
chn-6-1.jpg,298f6dfb84d0c9b2b3602ce5e79c55e4
chn-6-2.jpg,298f6dfb84d0c9b2b3602ce5e79c55e4
chn-6-3.jpg,cc483cf0ce0e2c154cb67c3bb2af86ef
chn-6-4.jpg,4012edc01e4e12be28fe3adc784a8d75
chn-7-1.jpg,3defd244af73c7b6bb3d1498526d0245
chn-7-2.jpg,f0f4992a9520afa131910b1fca045f74
chn-7-3.jpg,560f9a8a3411aa4e199fda5b00a48d4e
chn-7-4.jpg,b29b1ac2005df64cab5a551c8fa50afd
eng-1-1.jpg,cf8be2577cb180a5c7761dd2062d4d1b
eng-1-2.jpg,0f8be9a9b53af7e410d2755b26af5410
eng-1-3.jpg,b8663137c69f42f2b67060863ed8d91e
eng-1-4.jpg,085e98e48006ff45555d746f8e4a0945
eng-1-5.jpg,280f94b4ee39b3142e6baee5f29e52e8
eng-1-6.jpg,227566f079bc891340567e27a625fc83
eng-1-7.jpg,dce7f895f9c55983a67e27c6d909775a
eng-1-8.jpg,9eaffb0a04e20310aa15fd89f0204acf
eng-1-9.jpg,9d28ac94dcd7d4f344cd92b6a83723dd
eng-1-10.jpg,b8663137c69f42f2b67060863ed8d91e
eng-2-1.jpg,cf8be2577cb180a5c7761dd2062d4d1b
eng-2-2.jpg,db4c7aeeefeebaefe75df06e50f2efeb
eng-2-3.jpg,58e36b7df6a7fef811f12cb0142bc52f
eng-2-4.jpg,5a081aefbaf9bc2378a5a04960891940
eng-2-5.jpg,9e66c4113b3c2e344406f1fdc6b18213
eng-2-6.jpg,003fccd57849a9f01bea7f868564aa10
eng-2-7.jpg,217e1af2c68ab4e450224737ac67af2d
eng-2-8.jpg,4740be5160a894f5abf7470cd6124b58
eng-2-9.jpg,eafb64ef5134f0257ccff01912857f22
eng-2-10.jpg,af1680cce245ef5ef39007c24c0a936c
eng-2-11.jpg,4ab795eecf367cb2e014d6b69ae0ee4f
eng-2-12.jpg,97713d1e3149f9df64a7e5c7b66c9588